{"cameraMode":{"drawMode":0,"name":"Shaded","section":"Shading Mode"},"sceneLighting":true,"audioPlay":false,"sceneViewState":{"m_AlwaysRefresh":false,"showFog":true,"showSkybox":true,"showFlares":true,"showImageEffects":true,"showParticleSystems":true,"showVisualEffectGraphs":true,"m_FxEnabled":true},"in2DMode":false,"pivot":{"x":-8.146462440490723,"y":-1.3876149654388428,"z":-0.7932820916175842},"rotation":{"x":-0.06476327776908875,"y":-0.005391763057559729,"z":0.0003493920958135277,"w":-0.9978879690170288},"size":0.2741829454898834,"orthographic":true}