{"cameraMode":{"drawMode":0,"name":"Shaded","section":"Shading Mode"},"sceneLighting":true,"audioPlay":false,"sceneViewState":{"m_AlwaysRefresh":false,"showFog":true,"showSkybox":true,"showFlares":true,"showImageEffects":true,"showParticleSystems":true,"showVisualEffectGraphs":true,"m_FxEnabled":true},"in2DMode":false,"pivot":{"x":-7.086840629577637,"y":-2.8376097679138185,"z":-0.6931501626968384},"rotation":{"x":-0.06476327776908875,"y":-0.005391763057559729,"z":0.0003493920958135277,"w":-0.9978879690170288},"size":3.7831037044525148,"orthographic":true}