{"cameraMode":{"drawMode":0,"name":"Shaded","section":"Shading Mode"},"sceneLighting":true,"audioPlay":false,"sceneViewState":{"m_AlwaysRefresh":false,"showFog":true,"showSkybox":true,"showFlares":true,"showImageEffects":true,"showParticleSystems":true,"showVisualEffectGraphs":true,"m_FxEnabled":true},"in2DMode":false,"pivot":{"x":-2.396697998046875,"y":0.013714253902435303,"z":0.497694194316864},"rotation":{"x":-0.06775613129138947,"y":0.006581671070307493,"z":-0.00044747727224603295,"w":-0.9976797699928284},"size":3.128200054168701,"orthographic":true}