{"cameraMode":{"drawMode":0,"name":"Shaded","section":"Shading Mode"},"sceneLighting":true,"audioPlay":false,"sceneViewState":{"m_AlwaysRefresh":false,"showFog":true,"showSkybox":true,"showFlares":true,"showImageEffects":true,"showParticleSystems":true,"showVisualEffectGraphs":true,"m_FxEnabled":true},"in2DMode":false,"pivot":{"x":13.324565887451172,"y":-10.293268203735352,"z":15.58407974243164},"rotation":{"x":-0.10203065723180771,"y":-0.0441565215587616,"z":0.004532978869974613,"w":-0.9937921762466431},"size":42.39730453491211,"orthographic":false}